fd,mu_plus,rfi_prime_plus,g3,g3_prime,mu_plus_is_key,rfi_prime_plus_rfi
['wall-motion-score']->mult,0.18953454271409065,0.27149871478342036,0.6212121212121212,0.4186046511627907,False,0.1253265236109895
['wall-motion-score']->wall-motion-index,0.2118643034461678,0.3221404188152638,0.6439393939393939,0.45348837209302323,False,0.12377847278828968
['still-alive']->alive-at-1,0.16474294484883267,0.24905155544123841,0.5303030303030303,0.5193798449612403,False,0.24529416959954953
"['still-alive', 'alive-at-1']->group",0.12829310573171382,0.2693722516117591,0.6515151515151515,0.6349206349206349,False,0.25717058149900485
"['still-alive', 'group']->pericardial-effusion",0.04410882663094651,0.06406886217362015,0.8181818181818181,0.808,False,0.059603727996469055
"['group', 'pericardial-effusion']->fractional-shortening",0.0064938155234578465,0.007337987661363836,0.12878787878787878,0.08,False,0.005887166110673497
"['group', 'fractional-shortening']->lvdd",0.09611377175563607,0.1365270560885359,0.6666666666666667,0.12,False,0.021138850657554276
['lvdd']->epss,0.08542300262045521,0.18185456108511236,0.7651515151515151,0.16216216216216217,False,0.02115346936433471
['still-alive']->survival,0.016923803681801797,0.07750712848022552,0.09090909090909094,0.06976744186046512,False,0.0717009071335698
