dataset,algorithm,fd,mu_plus,rfi_prime_plus,g3_prime,is_key,lhs_size,lhs_uniqueness
echocardiogram,fdx,['wall-motion-score']->mult,0.18953454271409065,0.27149871478342036,0.4186046511627907,False,1,0.3484848484848485
echocardiogram,fdx,['wall-motion-score']->wall-motion-index,0.2118643034461678,0.3221404188152638,0.45348837209302323,False,1,0.3484848484848485
echocardiogram,fdx,['still-alive']->alive-at-1,0.16474294484883267,0.24905155544123841,0.5193798449612403,False,1,0.022727272727272728
echocardiogram,fdx,"['still-alive', 'alive-at-1']->group",0.12829310573171382,0.2693722516117591,0.6349206349206349,False,2,0.045454545454545456
echocardiogram,fdx,"['still-alive', 'group']->pericardial-effusion",0.04410882663094651,0.06406886217362015,0.808,False,2,0.05303030303030303
echocardiogram,fdx,"['group', 'pericardial-effusion']->fractional-shortening",0.0064938155234578465,0.007337987661363836,0.08,False,2,0.05303030303030303
echocardiogram,fdx,"['group', 'fractional-shortening']->lvdd",0.09611377175563607,0.1365270560885359,0.12,False,2,0.6212121212121212
echocardiogram,fdx,['lvdd']->epss,0.08542300262045521,0.18185456108511236,0.16216216216216217,False,1,0.7196969696969697
echocardiogram,fdx,['still-alive']->survival,0.016923803681801797,0.07750712848022552,0.06976744186046512,False,1,0.022727272727272728
