fd,mu,rfi,g1,g2,g3,mu_is_key,rfi_fi
['b']->d,0.0715752888676785,0.06329374627545159,0.9357333333333333,0.04666666666666652,0.38,False,0.41658029007905945
"['b', 'd']->c",0.07311953291722584,0.014938940346041374,0.9931555555555556,0.45999999999999974,0.7,False,0.8543014205264841
['b']->e,0.1723439858479231,0.16638571148259412,0.9568,0.1266666666666667,0.6066666666666667,False,0.32232306057156623
"['c', 'e']->a",0.06179388422035481,0.04648897602065749,0.9728888888888889,0.11333333333333306,0.43333333333333335,False,0.6496184162536361
