fd,mu,rfi,g1,g2,g3,mu_is_key,rfi_fi
['name_prefix']->name_suffix,-0.0021615048691496774,0.9940702565908612,1.0,1.0,1.0,False,1.0
"['name_prefix', 'name_suffix']->race",-6.165190651737146,1.0,1.0,1.0,1.0,False,1.0
"['name_prefix', 'name_suffix', 'race']->ethnic",-9.03212086265392,1.0,1.0,1.0,1.0,False,1.0
"['name_prefix', 'race']->download_month",-0.9410468275314552,0.9793469883246763,0.999748,0.973,0.994,False,0.9809857810048986
"['race', 'download_month']->register_date",0.004298939342138208,0.027951470748956778,0.5972219999999999,0.010999999999999788,0.16800000000000004,False,0.1107996791934414
['register_date']->street_address,0.003378639184940968,0.0036417800807759804,0.956044,0.22699999999999976,0.29900000000000004,False,0.6152738084234931
['street_address']->city,1.0,0.013055109859034797,1.0,1.0,1.0,False,1.0
"['street_address', 'city']->last_name",0.737697188984628,0.00683585503637707,0.99997,0.981,0.989,False,0.9972644737417752
['gender']->first_name,0.0039433382894028535,0.05536196551523896,0.48587199999999997,-4.440892098500626e-16,0.04500000000000004,False,0.11092519211764916
